LEDGER|PERIOD|TYPE|UNIT|UNIT_DESC|PARENTS_ACC|PARENTS_DESC|GL_ACCT|ACCT_DESC|BEGIN_BALANCE|PERIOD_DR|PERIOD_CR|CLOSING_BAL
"SIS AU PL"|Feb-21|PTD|201|"MSS Security Pty Limited"|1111100|"Cash and Cash Equivalents - Balances with Banks - Dividend Payment Accounts"|1111101|"Axis Bank A/c - 913020012965691 - Interim Dividend - 2012-13AXIS Bank A/c - 913020012965691 - Interim Dividend - 2012-13"|320|0|0|320
"SIS AU PL"|Feb-21|PTD|201|"MSS Security Pty Limited"|1111100|"Cash and Cash Equivalents - Balances with Banks - Dividend Payment Accounts"|1111107|"ICICI Bank A/c - 001105028299 - Final Dividend - 2017-18"|10|0|0|10
"SIS AU PL"|Feb-21|PTD|201|"MSS Security Pty Limited"|1121100|"Cash and Cash Equivalents - Balances with Banks - Other Balances"|1121124|"CBA - MSS - Premium Business Account - xx8760"|16882328.06|141680.76|43766.09|16980242.73
"SIS AU PL"|Feb-21|PTD|201|"MSS Security Pty Limited"|1122100|"Cash and Cash Equivalents - Cash on Hand"|1122101|"Cash On Hand / Petty Cash"|1228.56|1000|33|2195.56
"SIS AU PL"|Feb-21|PTD|201|"MSS Security Pty Limited"|1158100|"Other Current financial Assets - Advance to related parties"|1158101|"Loan to related parties - Current"|1235448.48|0|0|1235448.48
"SIS AU PL"|Feb-21|PTD|201|"MSS Security Pty Limited"|1161100|"Other Current Assets - Unbilled Revenue"|1161101|"Unbilled Revenue"|15279165.75|0|0|15279165.75
"SIS AU PL"|Feb-21|PTD|201|"MSS Security Pty Limited"|1171300|"Current Trade Receivables - Less than Six Months - Unsecured (considered good)"|1171301|"Trade Debtors"|71806508.15|530643.17|54914.92|72282236.4
"SIS AU PL"|Feb-21|PTD|201|"MSS Security Pty Limited"|1171300|"Current Trade Receivables - Less than Six Months - Unsecured (considered good)"|1171302|"Trade Debtors - Adjustment"|-4150|12021|57821|-49950
"SIS AU PL"|Feb-21|PTD|201|"MSS Security Pty Limited"|1171300|"Current Trade Receivables - Less than Six Months - Unsecured (considered good)"|1171303|"Unidentified Deposits"|0|29149.98|29149.98|0
"SIS AU PL"|Feb-21|PTD|201|"MSS Security Pty Limited"|1171300|"Current Trade Receivables - Less than Six Months - Unsecured (considered good)"|1171304|"On account receipt"|0|13220|26400|-13180
"SIS AU PL"|Feb-21|PTD|201|"MSS Security Pty Limited"|1171400|"Current Trade Receivables - Other Receivables - Provision for Doubtful Receivables"|1171401|"Provision for Credit Notes"|-107292.03|0|0|-107292.03
"SIS AU PL"|Feb-21|PTD|201|"MSS Security Pty Limited"|1171400|"Current Trade Receivables - Other Receivables - Provision for Doubtful Receivables"|1171402|"Provision for Doubtful Debts (B/S)"|-45700.21|0|0|-45700.21
"SIS AU PL"|Feb-21|PTD|201|"MSS Security Pty Limited"|1172100|"Current Trade Receivables from related parties - Less than Six Months - Unsecured (considered good)"|1172101|"Trade Debtors - related parties"|158934.63|17028.03|0|175962.66
"SIS AU PL"|Feb-21|PTD|201|"MSS Security Pty Limited"|1231300|"Short-Term Loans and Advances to Related Parties - Unsecured (considered good)"|1231301|"Trading advances given to related parties"|89848529.58|0|0|89848529.58
"SIS AU PL"|Feb-21|PTD|201|"MSS Security Pty Limited"|1234300|"Other Short-Term Loans and Advances (Deposits with Suppliers) - Unsecured (considered good)"|1234301|"Advance given to suppliers"|100|10000|1000|9100
"SIS AU PL"|Feb-21|PTD|201|"MSS Security Pty Limited"|1235100|"Other Current Assets - Other Debtors and Prepayments"|1235102|"Advances - Other"|0|10000|0|10000
"SIS AU PL"|Feb-21|PTD|201|"MSS Security Pty Limited"|1235100|"Other Current Assets - Other Debtors and Prepayments"|1235103|"Workers Compensation Accrual"|7746519.33|0|0|7746519.33
"SIS AU PL"|Feb-21|PTD|201|"MSS Security Pty Limited"|1235100|"Other Current Assets - Other Debtors and Prepayments"|1235104|"Capitalised Loan Establishment cost"|276.36|0|0|276.36
"SIS AU PL"|Feb-21|PTD|201|"MSS Security Pty Limited"|1235100|"Other Current Assets - Other Debtors and Prepayments"|1235107|"Deferred Costs Project"|75170.9|0|0|75170.9
"SIS AU PL"|Feb-21|PTD|201|"MSS Security Pty Limited"|1235100|"Other Current Assets - Other Debtors and Prepayments"|1235109|"Intercompany Accrued Revenue"|2767644.21|0|0|2767644.21
"SIS AU PL"|Feb-21|PTD|201|"MSS Security Pty Limited"|1235100|"Other Current Assets - Other Debtors and Prepayments"|1235110|"Other Debtors - ACT Portable LSL"|-41705.19|0|0|-41705.19
"SIS AU PL"|Feb-21|PTD|201|"MSS Security Pty Limited"|1235100|"Other Current Assets - Other Debtors and Prepayments"|1235111|"Prepaid expenses / Prepayments"|565144.26|0|0|565144.26
"SIS AU PL"|Feb-21|PTD|201|"MSS Security Pty Limited"|1235100|"Other Current Assets - Other Debtors and Prepayments"|1235113|"Unexpired Interest on Finance Leases - Current"|130759.63|0|0|130759.63
"SIS AU PL"|Feb-21|PTD|201|"MSS Security Pty Limited"|1235100|"Other Current Assets - Other Debtors and Prepayments"|1235116|"Other current debtors"|36009.42|0|0|36009.42
"SIS AU PL"|Feb-21|PTD|201|"MSS Security Pty Limited"|1689300|"Long-Term Loans and Advances - Security Deposits - Unsecured (considered good)"|1689301|"Security Deposits - Non Current - Bonds and Guarantees"|32279|0|0|32279
"SIS AU PL"|Feb-21|PTD|201|"MSS Security Pty Limited"|1711200|"Capital Work In Progress - Gross Block - Additions"|1711201|"WIP - Tangible Assets - Additions"|8819.86|15080|0|23899.86
"SIS AU PL"|Feb-21|PTD|201|"MSS Security Pty Limited"|1711400|"Capital Work In Progress - Gross Block - Opening Balance"|1711401|"WIP - Tangible Assets - Obal"|-8480|0|15080|-23560
"SIS AU PL"|Feb-21|PTD|201|"MSS Security Pty Limited"|1731100|"Deferred Tax Assets (Net) - Accruals and Other"|1731101|"DTA/DTL - Accruals and Other"|3731219.55|0|0|3731219.55
"SIS AU PL"|Feb-21|PTD|201|"MSS Security Pty Limited"|1731400|"Deferred Tax Assets (Net) - Litigation"|1731401|"DTA/DTL - Litigation"|310249|0|0|310249
"SIS AU PL"|Feb-21|PTD|201|"MSS Security Pty Limited"|1731500|"Deferred Tax Assets (Net) - Prepayments and Debtors"|1731501|"DTA/DTL - Debtors Accruals"|-4583750|0|0|-4583750
"SIS AU PL"|Feb-21|PTD|201|"MSS Security Pty Limited"|1731500|"Deferred Tax Assets (Net) - Prepayments and Debtors"|1731502|"DTA/DTL - Prepayments"|-229396|0|0|-229396
"SIS AU PL"|Feb-21|PTD|201|"MSS Security Pty Limited"|1731500|"Deferred Tax Assets (Net) - Prepayments and Debtors"|1731503|"DTA/DTL - Receivables"|-583289.78|0|0|-583289.78
"SIS AU PL"|Feb-21|PTD|201|"MSS Security Pty Limited"|1734200|"Deferred Tax Assets (Net) - Doubtful Debts"|1734201|"DTA/DTL - Doubtful Debts"|45898|0|0|45898
"SIS AU PL"|Feb-21|PTD|201|"MSS Security Pty Limited"|1735200|"Deferred Tax Assets (Net) - Employee Benefits"|1735201|"DTA/DTL - Employee Benefits"|17115184|0|0|17115184
"SIS AU PL"|Feb-21|PTD|201|"MSS Security Pty Limited"|1736200|"Deferred Tax Assets (Net) - Fixed Assets"|1736201|"DTA/DTL - Fixed Assets"|-1945509.01|0|0|-1945509.01
"SIS AU PL"|Feb-21|PTD|201|"MSS Security Pty Limited"|1742400|"Intangible Assets - Goodwill - Gross Block - Opening Balance"|1742401|"Goodwill - Obal"|7962746.11|0|0|7962746.11
"SIS AU PL"|Feb-21|PTD|201|"MSS Security Pty Limited"|1761200|"Intangible Assets Under Development - Computer Software - Gross Block - Additions"|1761201|"WIP - Computer Software - Addition"|7127246.31|0|0|7127246.31
"SIS AU PL"|Feb-21|PTD|201|"MSS Security Pty Limited"|1782100|"Intangible Assets - Computer Software - Depreciation - Current Year"|1782101|"Accumulated Amortisation - Computer Software - Current Year"|-213347.02|0|0|-213347.02
"SIS AU PL"|Feb-21|PTD|201|"MSS Security Pty Limited"|1782300|"Intangible Assets - Computer Software - Depreciation - Opening Balance"|1782301|"Accumulated Amortisation - Computer Software - Obal"|-6774087.14|0|0|-6774087.14
"SIS AU PL"|Feb-21|PTD|201|"MSS Security Pty Limited"|1787200|"Intangible Assets - Computer Software - Gross Block - Additions"|1787201|"Computer Software - Additions"|1855548.67|0|0|1855548.67
"SIS AU PL"|Feb-21|PTD|201|"MSS Security Pty Limited"|1787400|"Intangible Assets - Computer Software - Gross Block - Opening Balance"|1787401|"Computer Software - Obal"|6862520.46|0|0|6862520.46
"SIS AU PL"|Feb-21|PTD|201|"MSS Security Pty Limited"|1807100|"Tangible Assets - Office Equipment - Computer - Depreciation - Current Year"|1807101|"Accumulated Depreciation - Computer - Current year"|-648741.27|0|0|-648741.27
"SIS AU PL"|Feb-21|PTD|201|"MSS Security Pty Limited"|1807300|"Tangible Assets - Office Equipment - Computer - Depreciation - Opening Balance"|1807301|"Accumulated Depreciation - Computer - Obal"|-1201331.8|0|0|-1201331.8
"SIS AU PL"|Feb-21|PTD|201|"MSS Security Pty Limited"|1807400|"Tangible Assets - Office Equipment - Computer - Depreciation - Sale and Adjustments"|1807401|"Accumulated Depreciation - Computer - Disposals & Adjustment"|14014.44|0|0|14014.44
"SIS AU PL"|Feb-21|PTD|201|"MSS Security Pty Limited"|1808100|"Tangible Assets - Furniture and Fixture - Depreciation - Current Year"|1808101|"Accumulated Depreciation - Furniture and Fixture - Current year"|-143189|0|0|-143189
"SIS AU PL"|Feb-21|PTD|201|"MSS Security Pty Limited"|1808300|"Tangible Assets - Furniture and Fixture - Depreciation - Opening Balance"|1808301|"Accumulated Depreciation - Furniture and Fixture - Obal"|-472702.17|0|0|-472702.17
"SIS AU PL"|Feb-21|PTD|201|"MSS Security Pty Limited"|1808400|"Tangible Assets - Furniture and Fixture - Depreciation - Sale and Adjustments"|1808401|"Accumulated Depreciation - Furniture and Fixture - Disposals & Adjustment"|1519.1|0|0|1519.1
"SIS AU PL"|Feb-21|PTD|201|"MSS Security Pty Limited"|1810100|"Tangible Assets - Leasehold Improvement - Depreciation - Current Year"|1810101|"Accumulated Depreciation - Leasehold Improvement - Current year"|-325234.68|0|0|-325234.68
"SIS AU PL"|Feb-21|PTD|201|"MSS Security Pty Limited"|1810300|"Tangible Assets - Leasehold Improvement - Depreciation - Opening Balance"|1810301|"Accumulated Depreciation - Leasehold Improvement - Obal"|-577106.97|0|0|-577106.97
"SIS AU PL"|Feb-21|PTD|201|"MSS Security Pty Limited"|1812100|"Tangible Assets - Vehicles - Other Vehicles - Depreciation - Current Year"|1812101|"Accumulated Depreciation - Other Vehicles - Current year"|-1577686.73|0|0|-1577686.73
"SIS AU PL"|Feb-21|PTD|201|"MSS Security Pty Limited"|1812300|"Tangible Assets - Vehicles - Other Vehicles - Depreciation - Opening Balance"|1812301|"Accumulated Depreciation - Other Vehicles - Obal"|-290230.44|0|0|-290230.44
"SIS AU PL"|Feb-21|PTD|201|"MSS Security Pty Limited"|1812400|"Tangible Assets - Vehicles - Other Vehicles - Depreciation - Sale and Adjustments"|1812401|"Accumulated Depreciation - Other Vehicles - Disposals & Adjustment"|240393.11|0|0|240393.11
"SIS AU PL"|Feb-21|PTD|201|"MSS Security Pty Limited"|1813100|"Tangible Assets - Plant and Property - Plant and Machinery - Depreciation - Current Year"|1813101|"Accumulated Depreciation - Plant and Machinery - Current year"|-432770.03|0|0|-432770.03
"SIS AU PL"|Feb-21|PTD|201|"MSS Security Pty Limited"|1813300|"Tangible Assets - Plant and Property - Plant and Machinery - Depreciation - Opening Balance"|1813301|"Accumulated Depreciation - Plant and Machinery - Obal"|-1320521.19|0|0|-1320521.19
"SIS AU PL"|Feb-21|PTD|201|"MSS Security Pty Limited"|1813400|"Tangible Assets - Plant and Property - Plant and Machinery - Depreciation - Sale and Adjustments"|1813401|"Accumulated Depreciation - Plant and Machinery - Disposals & Adjustment"|381.01|0|0|381.01
"SIS AU PL"|Feb-21|PTD|201|"MSS Security Pty Limited"|1814100|"Tangible Assets - Buildings - RoU - Depreciation - Current Year"|1814101|"Accumulated Depreciation - RoU asset - Building - Current year"|-1830119.4|0|0|-1830119.4
"SIS AU PL"|Feb-21|PTD|201|"MSS Security Pty Limited"|1816100|"Tangible Assets - Vehicles - Other Vehicles - RoU - Depreciation - Current Year"|1816101|"Accumulated Depreciation - RoU asset - Vehicle - Current year"|-515297.77|0|0|-515297.77
"SIS AU PL"|Feb-21|PTD|201|"MSS Security Pty Limited"|1821200|"Tangible Assets - Office Equipment - Computer - Gross Block - Additions"|1821201|"Computer - Additions"|3460775.54|0|0|3460775.54
"SIS AU PL"|Feb-21|PTD|201|"MSS Security Pty Limited"|1821400|"Tangible Assets - Office Equipment - Computer - Gross Block - Opening Balance"|1821401|"Computer - Obal"|1558773.05|0|0|1558773.05
"SIS AU PL"|Feb-21|PTD|201|"MSS Security Pty Limited"|1821500|"Tangible Assets - Office Equipment - Computer - Gross Block - Sale and Adjustments"|1821501|"Computer - Disposals & Adjustment"|-14778.79|0|0|-14778.79
"SIS AU PL"|Feb-21|PTD|201|"MSS Security Pty Limited"|1823200|"Tangible Assets - Furniture and Fixture - Gross Block - Additions"|1823201|"Furniture and Fixture - Additions"|821217.01|0|0|821217.01
"SIS AU PL"|Feb-21|PTD|201|"MSS Security Pty Limited"|1823400|"Tangible Assets - Furniture and Fixture - Gross Block - Opening Balance"|1823401|"Furniture and Fixture - Obal"|709506.75|0|0|709506.75
"SIS AU PL"|Feb-21|PTD|201|"MSS Security Pty Limited"|1823500|"Tangible Assets - Furniture and Fixture - Gross Block - Sale and Adjustments"|1823501|"Furniture and Fixture - Disposals & Adjustment"|-1551.82|0|0|-1551.82
"SIS AU PL"|Feb-21|PTD|201|"MSS Security Pty Limited"|1825200|"Tangible Assets - Leasehold Improvement - Gross Block - Additions"|1825201|"Leasehold Improvement - Additions"|1769369.82|0|0|1769369.82
"SIS AU PL"|Feb-21|PTD|201|"MSS Security Pty Limited"|1825400|"Tangible Assets - Leasehold Improvement - Gross Block - Opening Balance"|1825401|"Leasehold Improvement - Obal"|1296945.91|0|0|1296945.91
"SIS AU PL"|Feb-21|PTD|201|"MSS Security Pty Limited"|1827200|"Tangible Assets - Vehicles - Other Vehicles - Gross Block - Additions"|1827201|"Other Vehicles - Additions"|7045933.86|0|0|7045933.86
"SIS AU PL"|Feb-21|PTD|201|"MSS Security Pty Limited"|1827400|"Tangible Assets - Vehicles - Other Vehicles - Gross Block - Opening Balance"|1827401|"Other Vehicles - Obal"|1379302.02|0|0|1379302.02
"SIS AU PL"|Feb-21|PTD|201|"MSS Security Pty Limited"|1827500|"Tangible Assets - Vehicles - Other Vehicles - Gross Block - Sale and Adjustments"|1827501|"Other Vehicles - Disposals & Adjustment"|-341902.75|0|0|-341902.75
"SIS AU PL"|Feb-21|PTD|201|"MSS Security Pty Limited"|1828200|"Tangible Assets - Plant and Property - Plant and Machinery - Gross Block - Additions"|1828201|"Plant and Machinery - Additions"|2261471.47|0|0|2261471.47
"SIS AU PL"|Feb-21|PTD|201|"MSS Security Pty Limited"|1828400|"Tangible Assets - Plant and Property - Plant and Machinery - Gross Block - Opening Balance"|1828401|"Plant and Machinery - Obal"|1618316.31|0|0|1618316.31
"SIS AU PL"|Feb-21|PTD|201|"MSS Security Pty Limited"|1828500|"Tangible Assets - Plant and Property - Plant and Machinery - Gross Block - Sale and Adjustments"|1828501|"Plant and Machinery - Disposals & Adjustment"|-20590|0|0|-20590
"SIS AU PL"|Feb-21|PTD|201|"MSS Security Pty Limited"|1829200|"Tangible Assets - Buildings - RoU - Gross Block - Additions"|1829201|"RoU asset - Building - Additions"|7764491.92|0|0|7764491.92
"SIS AU PL"|Feb-21|PTD|201|"MSS Security Pty Limited"|1831200|"Tangible Assets - Vehicles - Other Vehicles - RoU - Gross Block - Additions"|1831201|"RoU asset - Vehicle - Additions"|716049.12|0|0|716049.12
"SIS AU PL"|Feb-21|PTD|201|"MSS Security Pty Limited"|2519800|"Surplus Appropriations - Proposed Dividend"|2519801|"Surplus - Final / Proposed dividend "|19405366.07|0|0|19405366.07
"SIS AU PL"|Feb-21|PTD|201|"MSS Security Pty Limited"|2520100|"Surplus Opening Balance"|2520101|"Surplus - Obal"|-122717065.4|0|0|-122717065.4
"SIS AU PL"|Feb-21|PTD|201|"MSS Security Pty Limited"|2711100|"Issued Subscribed and Paid Up - Equity Shares"|2711101|"Issue of equity share capital - cash"|-10000000|0|0|-10000000
"SIS AU PL"|Feb-21|PTD|201|"MSS Security Pty Limited"|3114000|"Short-Term Borrowings - Secured - Loans Repayable on Demand - National Australia Bank (Sydney Australia)"|3114001|"Secured current borrowings - National Australia Bank (Sydney Australia)"|-1061598.02|0|0|-1061598.02
"SIS AU PL"|Feb-21|PTD|201|"MSS Security Pty Limited"|3140100|"Other Current Liabilities - Maturities of Finance Lease Obligations - Other Loans and Advances"|3140101|"Current Maturities - Finance Lease Obligations"|-148544.88|0|0|-148544.88
"SIS AU PL"|Feb-21|PTD|201|"MSS Security Pty Limited"|3145100|"Other current financial liabilities - Leases"|3145101|"Building Lease Liability - Current"|-2742153.62|0|0|-2742153.62
"SIS AU PL"|Feb-21|PTD|201|"MSS Security Pty Limited"|3145100|"Other current financial liabilities - Leases"|3145103|"Vehicle Lease Liability - Current"|-189425.07|0|0|-189425.07
"SIS AU PL"|Feb-21|PTD|201|"MSS Security Pty Limited"|3147100|"Other Current Liabilities - Other Payables and Accruals"|3147101|"Accrued Expenses - Audit Fee"|-463128.43|0|0|-463128.43
"SIS AU PL"|Feb-21|PTD|201|"MSS Security Pty Limited"|3147100|"Other Current Liabilities - Other Payables and Accruals"|3147102|"Accrued Expenses - Employee Deductions"|-43813.71|0|0|-43813.71
"SIS AU PL"|Feb-21|PTD|201|"MSS Security Pty Limited"|3147100|"Other Current Liabilities - Other Payables and Accruals"|3147103|"Accrued Expenses - Motor Vehicle Make Good"|-198479.01|0|0|-198479.01
"SIS AU PL"|Feb-21|PTD|201|"MSS Security Pty Limited"|3147100|"Other Current Liabilities - Other Payables and Accruals"|3147104|"Accrued Expenses - Overhead"|-29757080.54|0|0|-29757080.54
"SIS AU PL"|Feb-21|PTD|201|"MSS Security Pty Limited"|3147100|"Other Current Liabilities - Other Payables and Accruals"|3147105|"Accrued Expenses - Salary & Wages"|-342394.25|0|0|-342394.25
"SIS AU PL"|Feb-21|PTD|201|"MSS Security Pty Limited"|3147100|"Other Current Liabilities - Other Payables and Accruals"|3147106|"Accrued Expenses - Telephones & IT"|-373624.03|0|0|-373624.03
"SIS AU PL"|Feb-21|PTD|201|"MSS Security Pty Limited"|3147100|"Other Current Liabilities - Other Payables and Accruals"|3147107|"Accrued Subcontractors"|-4983363.57|0|0|-4983363.57
"SIS AU PL"|Feb-21|PTD|201|"MSS Security Pty Limited"|3147100|"Other Current Liabilities - Other Payables and Accruals"|3147108|"Billing in Advance"|-23560.49|0|0|-23560.49
"SIS AU PL"|Feb-21|PTD|201|"MSS Security Pty Limited"|3147100|"Other Current Liabilities - Other Payables and Accruals"|3147110|"GST Payable"|-3540939.86|15562.75|49547.04|-3574924.15
"SIS AU PL"|Feb-21|PTD|201|"MSS Security Pty Limited"|3147100|"Other Current Liabilities - Other Payables and Accruals"|3147111|"Intercompany Payable"|-2757452.13|0|0|-2757452.13
"SIS AU PL"|Feb-21|PTD|201|"MSS Security Pty Limited"|3147100|"Other Current Liabilities - Other Payables and Accruals"|3147113|"Other Payables & Accruals"|1.08|0|0|1.08
"SIS AU PL"|Feb-21|PTD|201|"MSS Security Pty Limited"|3147100|"Other Current Liabilities - Other Payables and Accruals"|3147114|"Payroll Reserve"|5131748.83|0|0|5131748.83
"SIS AU PL"|Feb-21|PTD|201|"MSS Security Pty Limited"|3147100|"Other Current Liabilities - Other Payables and Accruals"|3147115|"Payroll Tax Payable"|-2028478.72|0|0|-2028478.72
"SIS AU PL"|Feb-21|PTD|201|"MSS Security Pty Limited"|3147100|"Other Current Liabilities - Other Payables and Accruals"|3147117|"Provision for RDO"|-149926.79|0|0|-149926.79
"SIS AU PL"|Feb-21|PTD|201|"MSS Security Pty Limited"|3147100|"Other Current Liabilities - Other Payables and Accruals"|3147119|"Superannuation & Annuity Payable"|-2274500.55|0|0|-2274500.55
"SIS AU PL"|Feb-21|PTD|201|"MSS Security Pty Limited"|3147100|"Other Current Liabilities - Other Payables and Accruals"|3147120|"Workers Compensation Payable"|-4800877.48|0|0|-4800877.48
"SIS AU PL"|Feb-21|PTD|201|"MSS Security Pty Limited"|3152100|"Trade Payables - Sundry Creditors"|3152101|"Trade Creditors"|-3621728.63|94587.04|243519.29|-3770660.88
"SIS AU PL"|Feb-21|PTD|201|"MSS Security Pty Limited"|3153100|"Trade payables to related parties"|3153101|"Trade creditors - related parties"|-163670.02|0|26669.98|-190340
"SIS AU PL"|Feb-21|PTD|201|"MSS Security Pty Limited"|3234100|"Liabilities classified as held for distribution to shareholders - Trade payables"|3234101|"Demerger - Sundry creditors"|-520180|1225|1210|-520165
"SIS AU PL"|Feb-21|PTD|201|"MSS Security Pty Limited"|3242100|"Other Current Liabilities - Advances received from customers"|3242101|"Advances received from customers"|0|46280.56|46280.56|0
"SIS AU PL"|Feb-21|PTD|201|"MSS Security Pty Limited"|3254100|"Short-Term Provisions - FBT"|3254101|"FBT Accrual - current"|-198612.43|0|0|-198612.43
"SIS AU PL"|Feb-21|PTD|201|"MSS Security Pty Limited"|3257100|"Short-Term Provisions - Employee Benefits - Leave Encashment"|3257101|"Leave encashment - current"|-38691383.1|0|0|-38691383.1
"SIS AU PL"|Feb-21|PTD|201|"MSS Security Pty Limited"|3259100|"Short-Term Provisions - Employee Benefits - Long service leave"|3259101|"Portable LSL Accrual - current"|-69924.14|0|0|-69924.14
"SIS AU PL"|Feb-21|PTD|201|"MSS Security Pty Limited"|3259100|"Short-Term Provisions - Employee Benefits - Long service leave"|3259102|"LSL Provision - current"|-7915208.23|0|0|-7915208.23
"SIS AU PL"|Feb-21|PTD|201|"MSS Security Pty Limited"|3616700|"Long-Term Borrowings - Secured - Finance Lease Obligations - From IBM Global Finance - From IBM Global Finance"|3616701|"Secured non-current borrowings - From IBM Global Finance - Obal"|-293268.63|0|0|-293268.63
"SIS AU PL"|Feb-21|PTD|201|"MSS Security Pty Limited"|3625600|"Long-Term Borrowings - Secured - Other Loans and Advances - Hire Purchase Vehicle Loan from Banks - Additions During the Year"|3625601|"Vehicle Loan from Banks - Additions"|-3521904.62|0|0|-3521904.62
"SIS AU PL"|Feb-21|PTD|201|"MSS Security Pty Limited"|3625700|"Long-Term Borrowings - Secured - Other Loans and Advances - Hire Purchase Vehicle Loan from Banks - Hire Purchase Vehicle Loan from Banks"|3625701|"Vehicle Loan from Banks - Obal"|-701111.2|0|0|-701111.2
"SIS AU PL"|Feb-21|PTD|201|"MSS Security Pty Limited"|3625800|"Long-Term Borrowings - Secured - Other Loans and Advances - Hire Purchase Vehicle Loan from Banks - Repayment During the Year"|3625801|"Vehicle Loan from Banks - Repayments"|3037378.96|0|0|3037378.96
"SIS AU PL"|Feb-21|PTD|201|"MSS Security Pty Limited"|3644100|"Other Non current Financial Liabilities - Leases"|3644101|"Building Lease Liability - Non Current"|-27023.85|0|0|-27023.85
"SIS AU PL"|Feb-21|PTD|201|"MSS Security Pty Limited"|3644100|"Other Non current Financial Liabilities - Leases"|3644102|"Equipment Lease Liability - Non Current"|-5981464.42|0|0|-5981464.42
"SIS AU PL"|Feb-21|PTD|201|"MSS Security Pty Limited"|3714100|"Long-Term Provisions - Employee Benefits - Long service leave"|3714101|"Portable LSL Accrual - non current"|-4644824.96|0|0|-4644824.96
"SIS AU PL"|Feb-21|PTD|201|"MSS Security Pty Limited"|3714100|"Long-Term Provisions - Employee Benefits - Long service leave"|3714102|"LSL Provision - non current"|-3828318.79|0|0|-3828318.79
"SIS AU PL"|Feb-21|PTD|201|"MSS Security Pty Limited"|3715100|"Long-Term Provisions - Other"|3715101|"Other provisions - non current"|-89999.93|0|0|-89999.93
"SIS AU PL"|Feb-21|PTD|201|"MSS Security Pty Limited"|4323100|"Cost of Materials Consumed - Uniforms and Related Inventories"|4323101|"Consumption - Uniforms"|10000|0|0|10000
"SIS AU PL"|Feb-21|PTD|201|"MSS Security Pty Limited"|4331100|"Depreciation and Amortisation"|4331103|"Amortisation - Contracts"|0|100|0|100
"SIS AU PL"|Feb-21|PTD|201|"MSS Security Pty Limited"|4331100|"Depreciation and Amortisation"|4331105|"Depreciation - Motor Vehicles"|455968.61|0|0|455968.61
"SIS AU PL"|Feb-21|PTD|201|"MSS Security Pty Limited"|4331100|"Depreciation and Amortisation"|4331106|"Depreciation - Plant & Equipment"|406442.08|10000|0|416442.08
"SIS AU PL"|Feb-21|PTD|201|"MSS Security Pty Limited"|4331100|"Depreciation and Amortisation"|4331107|"Depreciation - Property"|77860.66|0|0|77860.66
"SIS AU PL"|Feb-21|PTD|201|"MSS Security Pty Limited"|4331100|"Depreciation and Amortisation"|4331108|"Depreciation - ROU Building"|579768.91|0|0|579768.91
"SIS AU PL"|Feb-21|PTD|201|"MSS Security Pty Limited"|4331100|"Depreciation and Amortisation"|4331109|"Depreciation - ROU Vehicles"|118798.28|0|0|118798.28
"SIS AU PL"|Feb-21|PTD|201|"MSS Security Pty Limited"|4331100|"Depreciation and Amortisation"|4331112|"Amortisation - Software"|5100.42|0|0|5100.42
"SIS AU PL"|Feb-21|PTD|201|"MSS Security Pty Limited"|4342100|"Employee Benefits Expense - Contribution to Provident and Other Funds"|4342105|"Payroll - Superannuation"|13324288.82|0|0|13324288.82
"SIS AU PL"|Feb-21|PTD|201|"MSS Security Pty Limited"|4343200|"Employee Benefits Expense - Employee Stock Option Compensation Expense - Subsy"|4343201|"Compensation - Exceptions"|9233.5|50|0|9283.5
"SIS AU PL"|Feb-21|PTD|201|"MSS Security Pty Limited"|4347100|"Employee Benefits Expense - Salaries and Wages"|4347101|"Annual Leave Provision"|14984998.9|0|0|14984998.9
"SIS AU PL"|Feb-21|PTD|201|"MSS Security Pty Limited"|4347100|"Employee Benefits Expense - Salaries and Wages"|4347103|"Fringe Benefits Tax Expense"|204570.8|0|0|204570.8
"SIS AU PL"|Feb-21|PTD|201|"MSS Security Pty Limited"|4347100|"Employee Benefits Expense - Salaries and Wages"|4347104|Gifts|22220.93|0|0|22220.93
"SIS AU PL"|Feb-21|PTD|201|"MSS Security Pty Limited"|4347100|"Employee Benefits Expense - Salaries and Wages"|4347105|"Government Rebates and Grants"|-260242.46|0|0|-260242.46
"SIS AU PL"|Feb-21|PTD|201|"MSS Security Pty Limited"|4347100|"Employee Benefits Expense - Salaries and Wages"|4347106|"Intra-Co Contracting Recharge"|577.5|0|0|577.5
"SIS AU PL"|Feb-21|PTD|201|"MSS Security Pty Limited"|4347100|"Employee Benefits Expense - Salaries and Wages"|4347110|"Salaries & Wages  - Overtime"|20356486.03|0|0|20356486.03
"SIS AU PL"|Feb-21|PTD|201|"MSS Security Pty Limited"|4347100|"Employee Benefits Expense - Salaries and Wages"|4347114|"Salaries & Wages - Bonus"|99219.64|0|0|99219.64
"SIS AU PL"|Feb-21|PTD|201|"MSS Security Pty Limited"|4347100|"Employee Benefits Expense - Salaries and Wages"|4347118|"Salaries & Wages - LSL Levy"|822734.96|0|0|822734.96
"SIS AU PL"|Feb-21|PTD|201|"MSS Security Pty Limited"|4347100|"Employee Benefits Expense - Salaries and Wages"|4347119|"Salaries & Wages - LSL Provision"|1365348.19|0|0|1365348.19
"SIS AU PL"|Feb-21|PTD|201|"MSS Security Pty Limited"|4347100|"Employee Benefits Expense - Salaries and Wages"|4347120|"Salaries & Wages - Other Allowances"|2955718.54|0|0|2955718.54
"SIS AU PL"|Feb-21|PTD|201|"MSS Security Pty Limited"|4347100|"Employee Benefits Expense - Salaries and Wages"|4347121|"Salaries & Wages - Payroll Tax"|9628848.18|2600|999.95|9630448.23
"SIS AU PL"|Feb-21|PTD|201|"MSS Security Pty Limited"|4347100|"Employee Benefits Expense - Salaries and Wages"|4347122|"Salaries & Wages - Personal Leave"|3000150.71|0|0|3000150.71
"SIS AU PL"|Feb-21|PTD|201|"MSS Security Pty Limited"|4347100|"Employee Benefits Expense - Salaries and Wages"|4347123|"Salaries & Wages - Public Holidays"|137539.23|0|0|137539.23
"SIS AU PL"|Feb-21|PTD|201|"MSS Security Pty Limited"|4347100|"Employee Benefits Expense - Salaries and Wages"|4347125|"Salaries & Wages - Shift Penalties"|19397601.66|0|0|19397601.66
"SIS AU PL"|Feb-21|PTD|201|"MSS Security Pty Limited"|4347100|"Employee Benefits Expense - Salaries and Wages"|4347128|"Salaries & Wages - Voluntary Overtime"|2592948.21|0|0|2592948.21
"SIS AU PL"|Feb-21|PTD|201|"MSS Security Pty Limited"|4347100|"Employee Benefits Expense - Salaries and Wages"|4347130|"Salaries and Wages - Ordinary Pay"|116076247.53|0|0|116076247.53
"SIS AU PL"|Feb-21|PTD|201|"MSS Security Pty Limited"|4347100|"Employee Benefits Expense - Salaries and Wages"|4347132|"Staff Relocation"|2334.55|0|0|2334.55
"SIS AU PL"|Feb-21|PTD|201|"MSS Security Pty Limited"|4347100|"Employee Benefits Expense - Salaries and Wages"|4347133|"Staff Site EBA Costs"|23028.14|0|0|23028.14
"SIS AU PL"|Feb-21|PTD|201|"MSS Security Pty Limited"|4347100|"Employee Benefits Expense - Salaries and Wages"|4347134|"Temporary Staff"|317583.11|0|0|317583.11
"SIS AU PL"|Feb-21|PTD|201|"MSS Security Pty Limited"|4348100|"Employee Benefits Expense - Staff Welfare Expenses"|4348101|"Employee Medicals"|138796.26|2|21|138777.26
"SIS AU PL"|Feb-21|PTD|201|"MSS Security Pty Limited"|4348100|"Employee Benefits Expense - Staff Welfare Expenses"|4348102|"Staff Amenities"|166779.76|2|0|166781.76
"SIS AU PL"|Feb-21|PTD|201|"MSS Security Pty Limited"|4348100|"Employee Benefits Expense - Staff Welfare Expenses"|4348103|"Staff Care Parking"|82591.2|0|0|82591.2
"SIS AU PL"|Feb-21|PTD|201|"MSS Security Pty Limited"|4348100|"Employee Benefits Expense - Staff Welfare Expenses"|4348107|"W/Comp Claims Received"|-1082190.02|0|0|-1082190.02
"SIS AU PL"|Feb-21|PTD|201|"MSS Security Pty Limited"|4348100|"Employee Benefits Expense - Staff Welfare Expenses"|4348108|"W/Comp Wages Paid"|1292387.42|0|0|1292387.42
"SIS AU PL"|Feb-21|PTD|201|"MSS Security Pty Limited"|4348100|"Employee Benefits Expense - Staff Welfare Expenses"|4348109|"Workers Comp Provision"|3695368.53|0|0|3695368.53
"SIS AU PL"|Feb-21|PTD|201|"MSS Security Pty Limited"|4360100|"Finance Costs - Interest Expense on lease"|4360102|"Interest - MV Lease"|6051.71|0|0|6051.71
"SIS AU PL"|Feb-21|PTD|201|"MSS Security Pty Limited"|4360100|"Finance Costs - Interest Expense on lease"|4360103|"Interest - Property Lease"|153136.46|24000|0|177136.46
"SIS AU PL"|Feb-21|PTD|201|"MSS Security Pty Limited"|4361100|"Finance Costs - Interest Expense"|4361104|"Interest - Paid to Banks"|145833.68|0|0|145833.68
"SIS AU PL"|Feb-21|PTD|201|"MSS Security Pty Limited"|4371100|"Administrative Expenses - bad and Doubtful Debts Provided/Written Off"|4371102|"Bad Debts Recovered"|-12361.84|0|0|-12361.84
"SIS AU PL"|Feb-21|PTD|201|"MSS Security Pty Limited"|4371200|"Administrative Expenses - bad and Doubtful Debts Provided/Written Off - Actual bad debts written off"|4371201|"Bad Debts Write Off"|27277.85|1111|822.01|27566.84
"SIS AU PL"|Feb-21|PTD|201|"MSS Security Pty Limited"|4372100|"Administrative Expenses - Bank Charges"|4372101|"Bank Charges Expenses"|58399.24|13256|12345|59310.24
"SIS AU PL"|Feb-21|PTD|201|"MSS Security Pty Limited"|4378200|"Administrative Expenses - Other Administration and General Expenses - Other Donations"|4378201|"Donation (Others)"|4.12|0|0|4.12
"SIS AU PL"|Feb-21|PTD|201|"MSS Security Pty Limited"|4378200|"Administrative Expenses - Other Administration and General Expenses - Other Donations"|4378202|"Donation WPG"|18245.5|0|0|18245.5
"SIS AU PL"|Feb-21|PTD|201|"MSS Security Pty Limited"|4381100|"Administrative Expenses - Insurance"|4381101|"Insurance General"|647342.73|0|0|647342.73
"SIS AU PL"|Feb-21|PTD|201|"MSS Security Pty Limited"|4382100|"Administrative Expenses - Legal and Professional Fees"|4382102|"Accounting-Statutory Taxation Services"|17453.76|0|0|17453.76
"SIS AU PL"|Feb-21|PTD|201|"MSS Security Pty Limited"|4382100|"Administrative Expenses - Legal and Professional Fees"|4382105|"Acquisition Costs - Others (NZ)"|100|0|0|100
"SIS AU PL"|Feb-21|PTD|201|"MSS Security Pty Limited"|4382100|"Administrative Expenses - Legal and Professional Fees"|4382112|"Consultant Fees"|380633.91|500|0|381133.91
"SIS AU PL"|Feb-21|PTD|201|"MSS Security Pty Limited"|4382100|"Administrative Expenses - Legal and Professional Fees"|4382114|"Legal & Professional Fees"|1043447.77|0|0|1043447.77
"SIS AU PL"|Feb-21|PTD|201|"MSS Security Pty Limited"|4382100|"Administrative Expenses - Legal and Professional Fees"|4382115|"License - Security & Corporate"|262152.72|0|0|262152.72
"SIS AU PL"|Feb-21|PTD|201|"MSS Security Pty Limited"|4382100|"Administrative Expenses - Legal and Professional Fees"|4382116|"License Recharge"|-5109.1|0|0|-5109.1
"SIS AU PL"|Feb-21|PTD|201|"MSS Security Pty Limited"|4382100|"Administrative Expenses - Legal and Professional Fees"|4382117|"Licenses - IT"|411781.21|0|0|411781.21
"SIS AU PL"|Feb-21|PTD|201|"MSS Security Pty Limited"|4382100|"Administrative Expenses - Legal and Professional Fees"|4382121|"Software Maintenance"|373405.08|0|0|373405.08
"SIS AU PL"|Feb-21|PTD|201|"MSS Security Pty Limited"|4384100|"Administrative Expenses - Other Administration and General Expenses"|4384103|"Books & Periodicals"|217.31|0|0|217.31
"SIS AU PL"|Feb-21|PTD|201|"MSS Security Pty Limited"|4384100|"Administrative Expenses - Other Administration and General Expenses"|4384105|"Cleaning & Waste Removal"|71081.57|0|0|71081.57
"SIS AU PL"|Feb-21|PTD|201|"MSS Security Pty Limited"|4384100|"Administrative Expenses - Other Administration and General Expenses"|4384107|"Contract Start Up"|80.93|0|0|80.93
"SIS AU PL"|Feb-21|PTD|201|"MSS Security Pty Limited"|4384100|"Administrative Expenses - Other Administration and General Expenses"|4384109|"Corporate Recharge"|-379664.84|0|0|-379664.84
"SIS AU PL"|Feb-21|PTD|201|"MSS Security Pty Limited"|4384100|"Administrative Expenses - Other Administration and General Expenses"|4384110|"Corporate Registration"|4592|0|0|4592
"SIS AU PL"|Feb-21|PTD|201|"MSS Security Pty Limited"|4384100|"Administrative Expenses - Other Administration and General Expenses"|4384113|"Debt Collection Charges"|4500|0|0|4500
"SIS AU PL"|Feb-21|PTD|201|"MSS Security Pty Limited"|4384100|"Administrative Expenses - Other Administration and General Expenses"|4384119|"Entertainment - Client"|-7677.92|0|0|-7677.92
"SIS AU PL"|Feb-21|PTD|201|"MSS Security Pty Limited"|4384100|"Administrative Expenses - Other Administration and General Expenses"|4384120|"Event Management"|5000|0|0|5000
"SIS AU PL"|Feb-21|PTD|201|"MSS Security Pty Limited"|4384100|"Administrative Expenses - Other Administration and General Expenses"|4384121|"Other General Expenses"|93047.95|0|0|93047.95
"SIS AU PL"|Feb-21|PTD|201|"MSS Security Pty Limited"|4384100|"Administrative Expenses - Other Administration and General Expenses"|4384124|"Intercompany Expenses"|453101.26|0|0|453101.26
"SIS AU PL"|Feb-21|PTD|201|"MSS Security Pty Limited"|4384100|"Administrative Expenses - Other Administration and General Expenses"|4384125|"Internal Business Units Recharge"|-213303.27|0|0|-213303.27
"SIS AU PL"|Feb-21|PTD|201|"MSS Security Pty Limited"|4384100|"Administrative Expenses - Other Administration and General Expenses"|4384126|"KPI & Compliance Penalties"|20250|0|0|20250
"SIS AU PL"|Feb-21|PTD|201|"MSS Security Pty Limited"|4384100|"Administrative Expenses - Other Administration and General Expenses"|4384128|"Material Recharge"|-49634.46|0|0|-49634.46
"SIS AU PL"|Feb-21|PTD|201|"MSS Security Pty Limited"|4384100|"Administrative Expenses - Other Administration and General Expenses"|4384129|"Membership & Subscription"|38231.94|0|0|38231.94
"SIS AU PL"|Feb-21|PTD|201|"MSS Security Pty Limited"|4384100|"Administrative Expenses - Other Administration and General Expenses"|4384132|"Non-deductible Entertain - Xmas Parties"|400|0|0|400
"SIS AU PL"|Feb-21|PTD|201|"MSS Security Pty Limited"|4384100|"Administrative Expenses - Other Administration and General Expenses"|4384134|"Overhead Recovery"|-54222.4|0|0|-54222.4
"SIS AU PL"|Feb-21|PTD|201|"MSS Security Pty Limited"|4384100|"Administrative Expenses - Other Administration and General Expenses"|4384137|"Quality Assurance"|11037.48|0|0|11037.48
"SIS AU PL"|Feb-21|PTD|201|"MSS Security Pty Limited"|4384100|"Administrative Expenses - Other Administration and General Expenses"|4384140|"Security Charges"|23150.64|0|0|23150.64
"SIS AU PL"|Feb-21|PTD|201|"MSS Security Pty Limited"|4384100|"Administrative Expenses - Other Administration and General Expenses"|4384142|"Software Products"|33121.78|0|0|33121.78
"SIS AU PL"|Feb-21|PTD|201|"MSS Security Pty Limited"|4384100|"Administrative Expenses - Other Administration and General Expenses"|4384143|Synergies|-108417.52|0|0|-108417.52
"SIS AU PL"|Feb-21|PTD|201|"MSS Security Pty Limited"|4384100|"Administrative Expenses - Other Administration and General Expenses"|4384144|"Travel & Entertaining - Internal FBT"|2082.5|0|0|2082.5
"SIS AU PL"|Feb-21|PTD|201|"MSS Security Pty Limited"|4384200|"Administrative Expenses - Other Administration and General Expenses - Statutory Penalty"|4384201|"Fines & Penalty"|165|0|0|165
"SIS AU PL"|Feb-21|PTD|201|"MSS Security Pty Limited"|4385100|"Other Direct Costs - Other direct operating costs"|4385102|"Consumables COGS"|147172.08|0|0|147172.08
"SIS AU PL"|Feb-21|PTD|201|"MSS Security Pty Limited"|4385100|"Other Direct Costs - Other direct operating costs"|4385115|Materials|290040.31|0|0|290040.31
"SIS AU PL"|Feb-21|PTD|201|"MSS Security Pty Limited"|4385100|"Other Direct Costs - Other direct operating costs"|4385122|Subcontractors|79380276.35|95516.29|0|79475792.64
"SIS AU PL"|Feb-21|PTD|201|"MSS Security Pty Limited"|4386100|"Payments to Auditors - As Auditor"|4386101|"Audit Fees - Statutory"|67603.8|0|0|67603.8
"SIS AU PL"|Feb-21|PTD|201|"MSS Security Pty Limited"|4387100|"Administrative Expenses - Postage and Telephone"|4387101|"Data Communication Charges"|384669.21|0|0|384669.21
"SIS AU PL"|Feb-21|PTD|201|"MSS Security Pty Limited"|4387100|"Administrative Expenses - Postage and Telephone"|4387102|"Postage & Courier"|16160.61|0|0|16160.61
"SIS AU PL"|Feb-21|PTD|201|"MSS Security Pty Limited"|4387100|"Administrative Expenses - Postage and Telephone"|4387103|"Radio Communication"|73900.34|0|0|73900.34
"SIS AU PL"|Feb-21|PTD|201|"MSS Security Pty Limited"|4387100|"Administrative Expenses - Postage and Telephone"|4387104|"Telephone - Landline"|99665.46|0|0|99665.46
"SIS AU PL"|Feb-21|PTD|201|"MSS Security Pty Limited"|4387100|"Administrative Expenses - Postage and Telephone"|4387105|"Telephone - Mobile"|273275.55|0|0|273275.55
"SIS AU PL"|Feb-21|PTD|201|"MSS Security Pty Limited"|4387100|"Administrative Expenses - Postage and Telephone"|4387108|"Mobile Phone Units"|0|1|0|1
"SIS AU PL"|Feb-21|PTD|201|"MSS Security Pty Limited"|4388100|"Administrative Expenses - Rates and Taxes"|4388102|"Property Rates / Water"|266408.67|0|0|266408.67
"SIS AU PL"|Feb-21|PTD|201|"MSS Security Pty Limited"|4390100|"Administrative Expenses - Rent"|4390102|"Rent - Equipments"|64333.06|0|0|64333.06
"SIS AU PL"|Feb-21|PTD|201|"MSS Security Pty Limited"|4390100|"Administrative Expenses - Rent"|4390103|"Rent - Office "|838059.98|8400|140|846319.98
"SIS AU PL"|Feb-21|PTD|201|"MSS Security Pty Limited"|4390300|"Administrative Expenses - Rent Reversal"|4390302|"Rent Reversal - Property"|-709076.58|0|0|-709076.58
"SIS AU PL"|Feb-21|PTD|201|"MSS Security Pty Limited"|4390300|"Administrative Expenses - Rent Reversal"|4390303|"Rent Reversal - Vehicle"|-131174.32|0|0|-131174.32
"SIS AU PL"|Feb-21|PTD|201|"MSS Security Pty Limited"|4390300|"Administrative Expenses - Rent Reversal"|4390304|"Property Outgoing Reversal"|-15680.4|0|0|-15680.4
"SIS AU PL"|Feb-21|PTD|201|"MSS Security Pty Limited"|4392100|"Administrative Expenses - Repairs and Maintenance (Buildings)"|4392101|"Repairs & Maintenance - Building"|115210.06|0|0|115210.06
"SIS AU PL"|Feb-21|PTD|201|"MSS Security Pty Limited"|4394100|"Administrative Expenses - Repairs and Maintenance (Machinary)"|4394101|"Assets < $1000"|29685.24|0|0|29685.24
"SIS AU PL"|Feb-21|PTD|201|"MSS Security Pty Limited"|4394100|"Administrative Expenses - Repairs and Maintenance (Machinary)"|4394102|"Guns & Ammunition"|1090.93|0|0|1090.93
"SIS AU PL"|Feb-21|PTD|201|"MSS Security Pty Limited"|4394100|"Administrative Expenses - Repairs and Maintenance (Machinary)"|4394105|"Repairs & Maintenance - Office Equipment"|11891.62|0|0|11891.62
"SIS AU PL"|Feb-21|PTD|201|"MSS Security Pty Limited"|4397100|"Selling Expenses - Business Promotion"|4397101|"Advertisement & Sales Promotion"|-128590.75|0|0|-128590.75
"SIS AU PL"|Feb-21|PTD|201|"MSS Security Pty Limited"|4397300|"Selling Expenses - Tender Fee"|4397301|"Tender Fees"|3572.73|0|0|3572.73
"SIS AU PL"|Feb-21|PTD|201|"MSS Security Pty Limited"|4398100|"Administrative Expenses - Stationary and Printing"|4398101|"Printing & Stationery"|124151.75|0|0|124151.75
"SIS AU PL"|Feb-21|PTD|201|"MSS Security Pty Limited"|4399100|"Training Expenses - Freight and Cartage"|4399101|"Training - Freight & Cartage"|15206.15|0|0|15206.15
"SIS AU PL"|Feb-21|PTD|201|"MSS Security Pty Limited"|4399400|"Training Expenses - Seminar and Symposium"|4399401|"Training - Meetings & Conference"|17391.5|0|0|17391.5
"SIS AU PL"|Feb-21|PTD|201|"MSS Security Pty Limited"|4399600|"Training Expenses - Training Expense"|4399603|"Training - Staff"|164049.37|0|0|164049.37
"SIS AU PL"|Feb-21|PTD|201|"MSS Security Pty Limited"|4399600|"Training Expenses - Training Expense"|4399604|"Training - Staff Recruitment"|226098.75|0|0|226098.75
"SIS AU PL"|Feb-21|PTD|201|"MSS Security Pty Limited"|4400100|"Administrative Expenses - Travelling and Conveyance"|4400109|"Motor Vehicle Service & Mainte"|933214.97|0|0|933214.97
"SIS AU PL"|Feb-21|PTD|201|"MSS Security Pty Limited"|4400100|"Administrative Expenses - Travelling and Conveyance"|4400112|"Parking  Recharge"|-25877.91|0|0|-25877.91
"SIS AU PL"|Feb-21|PTD|201|"MSS Security Pty Limited"|4400100|"Administrative Expenses - Travelling and Conveyance"|4400114|"Travel & Accommodation Cost Recharged"|-16134.1|0|0|-16134.1
"SIS AU PL"|Feb-21|PTD|201|"MSS Security Pty Limited"|4400100|"Administrative Expenses - Travelling and Conveyance"|4400118|"Travel Exp - Domestic"|901275.26|298.19|1|901572.45
"SIS AU PL"|Feb-21|PTD|201|"MSS Security Pty Limited"|4400100|"Administrative Expenses - Travelling and Conveyance"|4400119|"Travel Exp - International"|253.55|0|0|253.55
"SIS AU PL"|Feb-21|PTD|201|"MSS Security Pty Limited"|4400100|"Administrative Expenses - Travelling and Conveyance"|4400120|"Fuel Tax Credits"|-55015.17|0|0|-55015.17
"SIS AU PL"|Feb-21|PTD|201|"MSS Security Pty Limited"|4401100|"Training Expenses - Uniform and Kit Items"|4401101|"Training - Uniform & Kit Expenses"|963064.43|0|0|963064.43
"SIS AU PL"|Feb-21|PTD|201|"MSS Security Pty Limited"|4402100|"Administrative Expenses - Vehicle Hire Charges"|4402101|"Motor Vehicle Leasing"|147621.88|0|0|147621.88
"SIS AU PL"|Feb-21|PTD|201|"MSS Security Pty Limited"|4402100|"Administrative Expenses - Vehicle Hire Charges"|4402104|"Rental Car Expenses"|179771.1|0|0|179771.1
"SIS AU PL"|Feb-21|PTD|201|"MSS Security Pty Limited"|4416100|"Purchases of Stock-In-Trade"|4416101|"Equipment - COGS"|-39189.1|0|0|-39189.1
"SIS AU PL"|Feb-21|PTD|201|"MSS Security Pty Limited"|4813100|"Tax Expense - Current Tax"|4813101|"Tax Expense - Current Tax "|7626956.41|0|0|7626956.41
"SIS AU PL"|Feb-21|PTD|201|"MSS Security Pty Limited"|4814100|"Tax Expense - Deferred Tax"|4814101|"Tax Expense - Deferred Tax "|-3229389.85|0|0|-3229389.85
"SIS AU PL"|Feb-21|PTD|201|"MSS Security Pty Limited"|5113100|"Other Income - Foreign Exchange Gain/Loss - Realised"|5113102|"Forex Gain/Loss - Realized"|0|55|0|55
"SIS AU PL"|Feb-21|PTD|201|"MSS Security Pty Limited"|5116100|"Other Income - Net Gain/Loss on Sale of Fixed Assets"|5116101|"Gain/Loss - Sale of Fixed Assets"|-3484.09|0|0|-3484.09
"SIS AU PL"|Feb-21|PTD|201|"MSS Security Pty Limited"|5131100|"Other Income - Interest Received"|5131101|"Interest Income - from Banks"|-4868.96|0|0|-4868.96
"SIS AU PL"|Feb-21|PTD|201|"MSS Security Pty Limited"|5141100|"Revenue from Operations - Other Revenue from Operations"|5141101|"Revenue - Alarm & Monitoring Services"|-4800|0|0|-4800
"SIS AU PL"|Feb-21|PTD|201|"MSS Security Pty Limited"|5141100|"Revenue from Operations - Other Revenue from Operations"|5141106|"Revenue - Others (Misc)"|1000|0|0|1000
"SIS AU PL"|Feb-21|PTD|201|"MSS Security Pty Limited"|5144100|"Revenue from Operations - From Manual Guarding Services"|5144101|"Security Revenue"|-312084723.9|850|485531.95|-312569405.85
"SIS AU PL"|Feb-21|PTD|201|"MSS Security Pty Limited"|5146100|"Revenue from Operations - Revenue from Sale of Products"|5146101|"Revenue - Equipment Sales"|-508499.3|0|0|-508499.3
"SIS AU PL"|Feb-21|PTD|201|"MSS Security Pty Limited"|5146100|"Revenue from Operations - Revenue from Sale of Products"|5146102|"Revenue - Materials & Consumables"|-7633.48|0|0|-7633.48
"SIS AU PL"|Feb-21|PTD|201|"MSS Security Pty Limited"|5311100|"Profit/(Loss) from Discounting Operations"|5311101|"Gain/Loss - Discounting Operations"|0|33|0|33
"SIS AU PL"|Feb-21|PTD|201|"MSS Security Pty Limited"|||1841101|"Asset Clearing"|-17587249.71|1000|0|-17586249.71
"SIS AU PL"|Feb-21|PTD|201|"MSS Security Pty Limited"|||9999990|"AP Opening Clearing"|1000|0|0|1000
